session_id,count
20260406_212408_experimental_jo div,352
20260316_171550_experimental_jo,217
20260315_150630_experimental_jo,206
20260315_155448_experimental_jo,196
20260315_182722_experimental_jo,132
20260316_171050_experimental_oli,117
20260405_173949_experimental_progression,115
20260405_184437_experimental_bass-walk-down,109
20260405_184729_experimental_pachelbel,108
20260405_185331_experimental_birth-death,98
20260405_184905_experimental_pachelbel,92
20260405_185509_experimental_bass-walk-down,68
20260316_170310_experimental_oli,57
20260316_172228_experimental_jo,57
20260316_170025_experimental_oli,44
